Distance (km),Duration (min)
10.775947022859022,16.163920534288533
